latitude,longitude,result
51.57478,7.03116,Gelsenkirchen Fachhochschule - Herne Wanne-Eickel Hauptbahnhof
51.57467,7.03106,Gelsenkirchen Fachhochschule - Herne Wanne-Eickel Hauptbahnhof
51.57406,7.03208,Gelsenkirchen Fachhochschule - Herne Wanne-Eickel Hauptbahnhof
51.57278,7.03335,Gelsenkirchen Fachhochschule - Herne Wanne-Eickel Hauptbahnhof
51.573638,7.037283,Gelsenkirchen Buer Rathaus - Gelsenkirchen Fachhochschule
51.573656,7.037390,Düppelstraße
51.573696,7.037560,Düppelstraße
51.573691,7.037711,Gelsenkirchen Buer Rathaus - Gelsenkirchen Lucasstraße
51.573752,7.037899,Gelsenkirchen Buer Rathaus - Gelsenkirchen Fachhochschule
51.573798,7.038074,Gelsenkirchen Lucasstraße - Gelsenkirchen Buer Rathaus
51.573852,7.038265,Gelsenkirchen Lucasstraße - Gelsenkirchen Buer Rathaus
51.573920,7.038500,Gelsenkirchen Buer Rathaus - Gelsenkirchen Lucasstraße
51.573993,7.038732,Gelsenkirchen Lucasstraße - Gelsenkirchen Buer Rathaus
51.574058,7.038974,Gelsenkirchen Buer Rathaus - Gelsenkirchen Lucasstraße
51.574114,7.039121,Gelsenkirchen Lucasstraße - Gelsenkirchen Buer Rathaus
51.574153,7.039264,Gelsenkirchen Lucasstraße - Gelsenkirchen Buer Rathaus
51.574192,7.039401,Gelsenkirchen Lucasstraße - Gelsenkirchen Buer Rathaus
51.574235,7.039540,Gelsenkirchen Buer Rathaus - Gelsenkirchen Lucasstraße
51.574285,7.039675,Gelsenkirchen Buer Rathaus - Gelsenkirchen Fachhochschule
51.574342,7.039819,Gelsenkirchen Buer Rathaus - Gelsenkirchen Lucasstraße
51.574384,7.039967,Gelsenkirchen Lucasstraße - Gelsenkirchen Buer Rathaus
51.574452,7.040080,Gelsenkirchen Buer Rathaus - Gelsenkirchen Lucasstraße
51.574526,7.040214,Gelsenkirchen Lucasstraße - Gelsenkirchen Buer Rathaus
51.574581,7.040360,Gelsenkirchen Buer Rathaus - Gelsenkirchen Lucasstraße
51.574630,7.040500,Gelsenkirchen Buer Rathaus - Gelsenkirchen Fachhochschule
51.574695,7.040628,Gelsenkirchen Buer Rathaus - Gelsenkirchen Lucasstraße
51.574751,7.040744,Gelsenkirchen Lucasstraße - Gelsenkirchen Buer Rathaus
51.574809,7.040869,Gelsenkirchen Lucasstraße - Gelsenkirchen Buer Rathaus
51.574905,7.041068,Röckstraße
51.574974,7.041189,Röckstraße
51.575051,7.041288,Gelsenkirchen Buer Rathaus - Gelsenkirchen Fachhochschule
51.575110,7.041407,Gelsenkirchen Lucasstraße - Gelsenkirchen Buer Rathaus
51.575189,7.041553,Gelsenkirchen Lucasstraße - Gelsenkirchen Buer Rathaus
51.575278,7.041716,Gelsenkirchen Lucasstraße - Gelsenkirchen Buer Rathaus
51.575372,7.041885,Gelsenkirchen Lucasstraße - Gelsenkirchen Buer Rathaus
51.575494,7.042046,Gelsenkirchen Lucasstraße - Gelsenkirchen Buer Rathaus
51.575595,7.042231,Gelsenkirchen Lucasstraße - Gelsenkirchen Buer Rathaus
51.575699,7.042408,Gelsenkirchen Lucasstraße - Gelsenkirchen Buer Rathaus
51.575798,7.042604,Gelsenkirchen Buer Rathaus - Gelsenkirchen Fachhochschule
51.575891,7.042837,Gelsenkirchen Lucasstraße - Gelsenkirchen Buer Rathaus
51.575978,7.043074,Gelsenkirchen Lucasstraße - Gelsenkirchen Buer Rathaus
51.576052,7.043325,Gelsenkirchen Lucasstraße - Gelsenkirchen Buer Rathaus
51.576100,7.043568,Gelsenkirchen Lucasstraße - Gelsenkirchen Buer Rathaus
51.576158,7.043799,Gelsenkirchen Buer Rathaus - Gelsenkirchen Lucasstraße
51.576213,7.044024,Gelsenkirchen Lucasstraße - Gelsenkirchen Buer Rathaus
51.576269,7.044253,Gelsenkirchen Lucasstraße - Gelsenkirchen Buer Rathaus
51.576328,7.044495,Gelsenkirchen Buer Rathaus - Gelsenkirchen Fachhochschule
51.576391,7.044758,Gelsenkirchen Lucasstraße - Gelsenkirchen Buer Rathaus
51.576455,7.045024,Gelsenkirchen Lucasstraße - Gelsenkirchen Buer Rathaus
51.576516,7.045270,Gelsenkirchen Lucasstraße - Gelsenkirchen Buer Rathaus
51.576572,7.045491,Gelsenkirchen Buer Rathaus - Gelsenkirchen Fachhochschule
51.576638,7.045700,Gelsenkirchen Lucasstraße - Gelsenkirchen Buer Rathaus
51.576686,7.045896,Gelsenkirchen Buer Rathaus - Gelsenkirchen Fachhochschule
51.576724,7.046074,Gelsenkirchen Buer Rathaus - Gelsenkirchen Lucasstraße
51.576746,7.046222,Gelsenkirchen Lucasstraße - Gelsenkirchen Buer Rathaus
51.576765,7.046403,Gelsenkirchen Lucasstraße - Gelsenkirchen Buer Rathaus
51.576781,7.046622,Gelsenkirchen Lucasstraße - Gelsenkirchen Buer Rathaus
51.576797,7.046868,Gelsenkirchen Lucasstraße - Gelsenkirchen Buer Rathaus
51.576804,7.047149,Gelsenkirchen Lucasstraße - Gelsenkirchen Buer Rathaus
51.576841,7.047439,Gelsenkirchen Lucasstraße - Gelsenkirchen Buer Rathaus
51.576840,7.047602,Gelsenkirchen Buer Rathaus - Gelsenkirchen Fachhochschule
51.576867,7.047748,Gelsenkirchen Lucasstraße - Gelsenkirchen Buer Rathaus
51.576878,7.047904,Gelsenkirchen Lucasstraße - Gelsenkirchen Buer Rathaus
51.576871,7.048170,Gelsenkirchen Buer Rathaus - Gelsenkirchen Lucasstraße
51.576868,7.048379,Gelsenkirchen Lucasstraße - Gelsenkirchen Buer Rathaus
51.576862,7.048536,Gelsenkirchen Lucasstraße - Gelsenkirchen Buer Rathaus
51.576780,7.048600,Gelsenkirchen Lucasstraße - Gelsenkirchen Buer Rathaus
51.576674,7.048644,Gelsenkirchen Lucasstraße - Gelsenkirchen Buer Rathaus
51.576538,7.048679,Gelsenkirchen Lucasstraße - Gelsenkirchen Buer Rathaus
51.576390,7.048761,Gelsenkirchen Lucasstraße - Gelsenkirchen Buer Rathaus
51.576292,7.048775,Gelsenkirchen Lucasstraße - Gelsenkirchen Buer Rathaus
51.576120,7.048831,Gelsenkirchen Buer Rathaus - Gelsenkirchen Lucasstraße
51.575990,7.048895,Gelsenkirchen Lucasstraße - Gelsenkirchen Buer Rathaus
51.575907,7.048972,Gelsenkirchen Buer Rathaus - Gelsenkirchen Lucasstraße
51.575793,7.049064,Gelsenkirchen Buer Rathaus - Gelsenkirchen Fachhochschule
51.575776,7.049243,Gelsenkirchen Buer Rathaus - Gelsenkirchen Lucasstraße
51.575832,7.049400,Gelsenkirchen Essener Straße - Gelsenkirchen Hauptbahnhof
51.575928,7.049547,Gelsenkirchen Essener Straße - Gelsenkirchen Hauptbahnhof
51.576040,7.049693,Gelsenkirchen Essener Straße - Gelsenkirchen Hauptbahnhof
51.576152,7.049875,Gelsenkirchen Essener Straße - Gelsenkirchen Hauptbahnhof
51.576268,7.050093,Gelsenkirchen Essener Straße - Gelsenkirchen Hauptbahnhof
51.576318,7.050225,Gelsenkirchen Essener Straße - Gelsenkirchen Hauptbahnhof
51.576367,7.050349,Gelsenkirchen Essener Straße - Gelsenkirchen Hauptbahnhof
51.576443,7.050612,Gelsenkirchen Essener Straße - Gelsenkirchen Hauptbahnhof
51.576508,7.050843,Gelsenkirchen Lucasstraße - Gelsenkirchen Buer Rathaus
51.576560,7.051016,Gelsenkirchen Buer Rathaus - Gelsenkirchen Lucasstraße
51.576593,7.051167,Gelsenkirchen Buer Rathaus - Gelsenkirchen Fachhochschule
51.576631,7.051342,Gelsenkirchen Buer Rathaus - Gelsenkirchen Lucasstraße
51.576683,7.051505,Gelsenkirchen Hauptbahnhof - Gelsenkirchen Essener Straße
51.576727,7.051707,Gelsenkirchen Buer Rathaus - Gelsenkirchen Lucasstraße
51.576766,7.051917,Gelsenkirchen Buer Rathaus - Gelsenkirchen Fachhochschule
51.576816,7.052156,Gelsenkirchen Lucasstraße - Gelsenkirchen Buer Rathaus
51.576848,7.052291,Gelsenkirchen Buer Rathaus - Gelsenkirchen Fachhochschule
51.576875,7.052430,Gelsenkirchen Essener Straße - Gelsenkirchen Hauptbahnhof
51.576913,7.052569,Gelsenkirchen Lucasstraße - Gelsenkirchen Buer Rathaus
51.576942,7.052715,Gelsenkirchen Essener Straße - Gelsenkirchen Hauptbahnhof
51.576970,7.052856,Gelsenkirchen Essener Straße - Gelsenkirchen Hauptbahnhof
51.577003,7.053000,Gelsenkirchen Essener Straße - Gelsenkirchen Hauptbahnhof
51.577046,7.053148,Gelsenkirchen Lucasstraße - Gelsenkirchen Buer Rathaus
51.577083,7.053315,Gelsenkirchen Essener Straße - Gelsenkirchen Hauptbahnhof
51.577115,7.053451,Gelsenkirchen Essener Straße - Gelsenkirchen Hauptbahnhof
51.577150,7.053600,Gelsenkirchen Essener Straße - Gelsenkirchen Hauptbahnhof
51.577195,7.053749,Gelsenkirchen Lucasstraße - Gelsenkirchen Buer Rathaus
51.577233,7.053894,Gelsenkirchen Lucasstraße - Gelsenkirchen Buer Rathaus
51.577270,7.054027,Gelsenkirchen Hauptbahnhof - Gelsenkirchen Essener Straße
51.577307,7.054177,Gelsenkirchen Lucasstraße - Gelsenkirchen Buer Rathaus
51.577359,7.054422,Gelsenkirchen Hauptbahnhof - Gelsenkirchen Essener Straße
51.577412,7.054632,Gelsenkirchen Buer Rathaus - Gelsenkirchen Lucasstraße
51.577432,7.054784,Gelsenkirchen Hauptbahnhof - Gelsenkirchen Essener Straße
51.577420,7.054964,Gelsenkirchen Essener Straße - Gelsenkirchen Hauptbahnhof
51.577279,7.054962,Gelsenkirchen Lucasstraße - Gelsenkirchen Buer Rathaus
51.577157,7.055029,Gelsenkirchen Lucasstraße - Gelsenkirchen Buer Rathaus
51.577017,7.055054,Gelsenkirchen Lucasstraße - Gelsenkirchen Buer Rathaus
51.576859,7.055105,Gelsenkirchen Lucasstraße - Gelsenkirchen Buer Rathaus
51.576693,7.055163,Gelsenkirchen Lucasstraße - Gelsenkirchen Buer Rathaus
51.576537,7.055209,Gelsenkirchen Lucasstraße - Gelsenkirchen Buer Rathaus
51.576400,7.055237,Gelsenkirchen Lucasstraße - Gelsenkirchen Buer Rathaus
51.576303,7.055258,Gelsenkirchen Lucasstraße - Gelsenkirchen Buer Rathaus
51.576197,7.055274,Gelsenkirchen Lucasstraße - Gelsenkirchen Buer Rathaus
51.576068,7.055339,Gelsenkirchen Lucasstraße - Gelsenkirchen Buer Rathaus
51.576001,7.055510,Gelsenkirchen Lucasstraße - Gelsenkirchen Buer Rathaus
51.576038,7.055737,Gelsenkirchen Lucasstraße - Gelsenkirchen Buer Rathaus
51.576058,7.055965,Gelsenkirchen Lucasstraße - Gelsenkirchen Buer Rathaus
51.576097,7.056227,Gelsenkirchen Lucasstraße - Gelsenkirchen Buer Rathaus
51.576118,7.056373,Gelsenkirchen Lucasstraße - Gelsenkirchen Buer Rathaus
51.576154,7.056625,Gelsenkirchen Lucasstraße - Gelsenkirchen Buer Rathaus
51.576200,7.056852,Gelsenkirchen Lucasstraße - Gelsenkirchen Buer Rathaus
51.576208,7.057025,Gelsenkirchen Lucasstraße - Gelsenkirchen Buer Rathaus
51.576227,7.057168,Gelsenkirchen Lucasstraße - Gelsenkirchen Buer Rathaus
51.576231,7.057362,Gelsenkirchen Buer Rathaus - Gelsenkirchen Hauptbahnhof/ZOB
51.576203,7.057556,Gelsenkirchen Buer Rathaus - Bochum Langendreer
51.576317,7.057517,Bochum Langendreer - Gelsenkirchen Buer Rathaus
51.576405,7.057468,Bochum Langendreer - Gelsenkirchen Buer Rathaus
51.576501,7.057682,Gelsenkirchen Landschede - Gelsenkirchen Buer Rathaus
51.576620,7.057587,Gelsenkirchen Landschede - Gelsenkirchen Buer Rathaus
51.576747,7.057456,Gelsenkirchen Landschede - Gelsenkirchen Buer Rathaus
51.576878,7.057335,Gelsenkirchen Landschede - Gelsenkirchen Buer Rathaus
51.576981,7.057251,Gelsenkirchen Landschede - Gelsenkirchen Buer Rathaus
51.577061,7.057179,Gelsenkirchen Landschede - Gelsenkirchen Buer Rathaus
51.577121,7.057060,Gelsenkirchen Landschede - Gelsenkirchen Buer Rathaus
51.577240,7.056970,Gelsenkirchen Landschede - Gelsenkirchen Buer Rathaus
51.577342,7.056914,Gelsenkirchen Landschede - Gelsenkirchen Buer Rathaus
51.577468,7.056883,Gelsenkirchen Landschede - Gelsenkirchen Buer Rathaus
51.577602,7.056920,Gelsenkirchen Landschede - Gelsenkirchen Buer Rathaus
51.577723,7.057014, - 
51.577816,7.057152, - 
51.577879,7.057329,Buer Rathaus
51.577919,7.057523,Buer Rathaus
51.577961,7.057731,Buer Rathaus
51.578006,7.057944,Buer Rathaus
51.578052,7.058173, - 
51.578102,7.058428, - 
51.578159,7.058699, - 
51.578189,7.058843, - 
51.578225,7.058984, - 
51.578286,7.059245, - 
51.578328,7.059425, - 
51.578369,7.059558, - 
51.578466,7.059658,Marl Sinsen Wacholderstraße - Gelsenkirchen Buer Rathaus
51.578544,7.059584,Gelsenkirchen Südfriedhof - Gelsenkirchen Buer Rathaus
51.578571,7.059415,Gelsenkirchen Landschede - Gelsenkirchen Buer Rathaus
51.578539,7.059259,Gelsenkirchen Landschede - Gelsenkirchen Buer Rathaus
51.578490,7.059121,Gelsenkirchen Landschede - Gelsenkirchen Buer Rathaus
51.578442,7.058976,Gelsenkirchen Landschede - Gelsenkirchen Buer Rathaus
51.578403,7.058823,Gelsenkirchen Landschede - Gelsenkirchen Buer Rathaus
51.578375,7.058667,Gelsenkirchen Landschede - Gelsenkirchen Buer Rathaus
51.578355,7.058517,Gelsenkirchen Landschede - Gelsenkirchen Buer Rathaus
51.578323,7.058358,Gelsenkirchen Landschede - Gelsenkirchen Buer Rathaus
51.578301,7.058212,Gelsenkirchen Landschede - Gelsenkirchen Buer Rathaus
51.578291,7.058057,Buer Rathaus
51.578279,7.057903,Buer Rathaus
51.578185,7.057841,Gelsenkirchen Hauptbahnhof - Gelsenkirchen Buer Rathaus
51.578112,7.057727, - 
51.578043,7.057604,Buer Rathaus
51.578024,7.057457,Buer Rathaus
51.577969,7.057343,Gelsenkirchen Buer Rathaus - Bochum Langendreer
51.577933,7.057082,Buer Rathaus
51.577893,7.056930,Gelsenkirchen Buer Rathaus - Bochum Langendreer
51.577866,7.056733,Gelsenkirchen Buer Rathaus - Bochum Langendreer
51.577757,7.056622,Gelsenkirchen Buer Rathaus - Bochum Langendreer
51.577667,7.056582,Gelsenkirchen Buer Rathaus - Bochum Langendreer
51.577541,7.056610,Gelsenkirchen Essener Straße - Gelsenkirchen Hauptbahnhof
51.577451,7.056666,Gelsenkirchen Essener Straße - Gelsenkirchen Hauptbahnhof
51.577319,7.056738,Gelsenkirchen Essener Straße - Gelsenkirchen Hauptbahnhof
51.577209,7.056812,Gelsenkirchen Essener Straße - Gelsenkirchen Hauptbahnhof
51.577109,7.056859,Gelsenkirchen Essener Straße - Gelsenkirchen Hauptbahnhof
51.576992,7.056938,Gelsenkirchen Essener Straße - Gelsenkirchen Hauptbahnhof
51.576898,7.056965,Gelsenkirchen Buer Rathaus - Gelsenkirchen Hauptbahnhof/ZOB
51.576806,7.057034,Gelsenkirchen Buer Rathaus - Gelsenkirchen Hauptbahnhof/ZOB
51.576734,7.057127,Gelsenkirchen Essener Straße - Gelsenkirchen Hauptbahnhof
51.576644,7.057188,Gelsenkirchen Essener Straße - Gelsenkirchen Hauptbahnhof
51.576502,7.057272,Gelsenkirchen Buer Rathaus - Gelsenkirchen Hauptbahnhof/ZOB
51.576411,7.057351,Gelsenkirchen Buer Rathaus - Bochum Langendreer
51.576269,7.057443,Gelsenkirchen Buer Rathaus - Bochum Langendreer
51.576086,7.057536,Gelsenkirchen Buer Rathaus - Bochum Langendreer
51.575990,7.057575,Gelsenkirchen Buer Rathaus - Bochum Langendreer
51.575897,7.057606,Gelsenkirchen Buer Rathaus - Bochum Langendreer
51.575713,7.057669,Gelsenkirchen Buer Rathaus - Bochum Langendreer
51.575607,7.057688,Gelsenkirchen Buer Rathaus - Bochum Langendreer
51.575481,7.057722,Gelsenkirchen Buer Rathaus - Bochum Langendreer
51.575351,7.057754,Gelsenkirchen Buer Rathaus - Bochum Langendreer
51.575225,7.057772,Gelsenkirchen Buer Rathaus - Bochum Langendreer
51.575094,7.057796,Gelsenkirchen Buer Rathaus - Bochum Langendreer
51.574960,7.057779,Gelsenkirchen Buer Rathaus - Bochum Langendreer
51.574816,7.057736,Gelsenkirchen Buer Rathaus - Bochum Langendreer
51.574675,7.057697,Gelsenkirchen Buer Rathaus - Bochum Langendreer
51.574564,7.057644,Gelsenkirchen Buer Rathaus - Gelsenkirchen Hauptbahnhof/ZOB
51.574452,7.057593,Gelsenkirchen Buer Rathaus - Gelsenkirchen Hauptbahnhof/ZOB
51.574350,7.057532,Gelsenkirchen Buer Rathaus - Gelsenkirchen Hauptbahnhof/ZOB
51.574254,7.057487,Gelsenkirchen Buer Rathaus - Gelsenkirchen Hauptbahnhof/ZOB
51.574163,7.057447,Gelsenkirchen Buer Rathaus - Gelsenkirchen Hauptbahnhof/ZOB
51.573998,7.057401,Gelsenkirchen Buer Rathaus - Gelsenkirchen Hauptbahnhof/ZOB
51.573870,7.057355,Gelsenkirchen Buer Rathaus - Bochum Langendreer
51.573780,7.057328,Gelsenkirchen Buer Rathaus - Bochum Langendreer
51.573675,7.057271,Gelsenkirchen Buer Rathaus - Bochum Langendreer
51.573500,7.057177,Gelsenkirchen Buer Rathaus - Bochum Langendreer
51.573381,7.057113,Gelsenkirchen Buer Rathaus - Bochum Langendreer
51.573225,7.057026,Gelsenkirchen Buer Rathaus - Bochum Langendreer
51.573133,7.056977,Gelsenkirchen Buer Rathaus - Bochum Langendreer
51.573034,7.056923,Gelsenkirchen Buer Rathaus - Bochum Langendreer
51.572926,7.056865,Gelsenkirchen Buer Rathaus - Bochum Langendreer
51.572812,7.056805,Gelsenkirchen Buer Rathaus - Bochum Langendreer
51.572693,7.056740,Gelsenkirchen Buer Rathaus - Bochum Langendreer
51.572575,7.056674,Gelsenkirchen Buer Rathaus - Bochum Langendreer
51.572457,7.056618,Gelsenkirchen Buer Rathaus - Bochum Langendreer
51.572328,7.056568,Gelsenkirchen Buer Rathaus - Bochum Langendreer
51.572200,7.056532,Gelsenkirchen Buer Rathaus - Gelsenkirchen Hauptbahnhof/ZOB
51.572070,7.056506,Gelsenkirchen Buer Rathaus - Bochum Langendreer
51.571940,7.056495,Gelsenkirchen Buer Rathaus - Bochum Langendreer
51.571814,7.056485,Gelsenkirchen Buer Rathaus - Bochum Langendreer
51.571692,7.056469,Gelsenkirchen Buer Rathaus - Bochum Langendreer
51.571579,7.056466,Gelsenkirchen Buer Rathaus - Bochum Langendreer
51.571467,7.056449,Gelsenkirchen Buer Rathaus - Bochum Langendreer
51.571354,7.056433,Gelsenkirchen Buer Rathaus - Bochum Langendreer
51.571251,7.056414,Gelsenkirchen Buer Rathaus - Bochum Langendreer
51.571157,7.056393,Gelsenkirchen Buer Rathaus - Bochum Langendreer
51.570988,7.056358,Gelsenkirchen Buer Rathaus - Bochum Langendreer
51.570840,7.056339,Gelsenkirchen Buer Rathaus - Bochum Langendreer
51.570726,7.056318,Gelsenkirchen Buer Rathaus - Bochum Langendreer
51.570618,7.056293,Gelsenkirchen Buer Rathaus - Bochum Langendreer
51.570438,7.056232,Buer Bergmannsheil
51.570282,7.056221,Buer Bergmannsheil
51.570102,7.056178,Gelsenkirchen Buer Rathaus - Bochum Langendreer
51.570000,7.056156,Gelsenkirchen Buer Rathaus - Bochum Langendreer
51.569889,7.056160,Gelsenkirchen Buer Rathaus - Bochum Langendreer
51.569771,7.056145,Gelsenkirchen Buer Rathaus - Bochum Langendreer
51.569639,7.056138,Gelsenkirchen Buer Rathaus - Bochum Langendreer
51.569502,7.056167,Gelsenkirchen Buer Rathaus - Bochum Langendreer
51.569366,7.056181,Gelsenkirchen Buer Rathaus - Bochum Langendreer
51.569208,7.056210,Gelsenkirchen Buer Rathaus - Bochum Langendreer
51.569051,7.056268,Gelsenkirchen Buer Rathaus - Bochum Langendreer
51.568900,7.056330,Gelsenkirchen Buer Rathaus - Bochum Hauptbahnhof
51.568744,7.056447,Gelsenkirchen Buer Rathaus - Bochum Langendreer
51.568592,7.056550,Gelsenkirchen Buer Rathaus - Bochum Langendreer
51.568440,7.056683,Gelsenkirchen Buer Rathaus - Bochum Langendreer
51.568298,7.056810,Gelsenkirchen Buer Rathaus - Bochum Langendreer
51.568142,7.056973,Gelsenkirchen Buer Rathaus - Bochum Langendreer
51.567997,7.057115,Gelsenkirchen Buer Rathaus - Bochum Langendreer
51.567858,7.057250,Gelsenkirchen Buer Rathaus - Bochum Langendreer
51.567715,7.057398,Gelsenkirchen Buer Rathaus - Bochum Langendreer
51.567570,7.057549,Gelsenkirchen Buer Rathaus - Bochum Langendreer
51.567420,7.057679,Gelsenkirchen Buer Rathaus - Bochum Langendreer
51.567261,7.057806,Gelsenkirchen Buer Rathaus - Bochum Langendreer
51.567105,7.057925,Gelsenkirchen Buer Rathaus - Bochum Langendreer
51.566948,7.058046,Gelsenkirchen Buer Rathaus - Bochum Langendreer
51.566807,7.058159,Gelsenkirchen Buer Rathaus - Bochum Langendreer
51.566648,7.058250,Gelsenkirchen Buer Rathaus - Bochum Langendreer
51.566493,7.058313,Gelsenkirchen Buer Rathaus - Bochum Langendreer
51.566333,7.058377,Gelsenkirchen Buer Rathaus - Bochum Langendreer
51.566166,7.058440,Gelsenkirchen Buer Rathaus - Bochum Langendreer
51.566002,7.058493,Gelsenkirchen Buer Rathaus - Bochum Langendreer
51.565832,7.058538,Gelsenkirchen Buer Rathaus - Bochum Langendreer
51.565689,7.058583,Gelsenkirchen Buer Rathaus - Bochum Langendreer
51.565556,7.058622,Gelsenkirchen Buer Rathaus - Bochum Langendreer
51.565421,7.058660,Gelsenkirchen Buer Rathaus - Bochum Langendreer
51.565297,7.058699,Gelsenkirchen Buer Rathaus - Bochum Langendreer
51.565179,7.058733,Gelsenkirchen Buer Rathaus - Bochum Langendreer
51.565068,7.058768,Gelsenkirchen Buer Rathaus - Bochum Langendreer
51.564961,7.058793,Gelsenkirchen Buer Rathaus - Bochum Langendreer
51.564864,7.058820,Gelsenkirchen Buer Rathaus - Bochum Langendreer
51.564708,7.058860,Berger See
51.564596,7.058894,Berger See
51.564491,7.058936,Berger See
51.564393,7.058948,Berger See
51.564289,7.058978,Gelsenkirchen Buer Rathaus - Bochum Langendreer
51.564144,7.059028,Gelsenkirchen Buer Rathaus - Bochum Langendreer
51.563968,7.059104,Gelsenkirchen Buer Rathaus - Bochum Langendreer
51.563870,7.059136,Gelsenkirchen Buer Rathaus - Bochum Langendreer
51.563767,7.059171,Gelsenkirchen Buer Rathaus - Bochum Langendreer
51.563658,7.059207,Gelsenkirchen Buer Rathaus - Bochum Langendreer
51.563541,7.059243,Gelsenkirchen Buer Rathaus - Bochum Langendreer
51.563418,7.059281,Gelsenkirchen Buer Rathaus - Bochum Langendreer
51.563291,7.059323,Gelsenkirchen Buer Rathaus - Bochum Langendreer
51.563161,7.059367,Gelsenkirchen Buer Rathaus - Bochum Langendreer
51.563022,7.059411,Gelsenkirchen Buer Rathaus - Bochum Langendreer
51.562880,7.059456,Gelsenkirchen Buer Rathaus - Bochum Langendreer
51.562732,7.059499,Gelsenkirchen Buer Rathaus - Bochum Langendreer
51.562581,7.059539,Gelsenkirchen Buer Rathaus - Bochum Langendreer
51.562429,7.059571,Gelsenkirchen Buer Rathaus - Bochum Langendreer
51.562268,7.059597,Gelsenkirchen Buer Rathaus - Bochum Langendreer
51.562106,7.059620,Gelsenkirchen Buer Rathaus - Bochum Langendreer
51.561938,7.059641,Gelsenkirchen Buer Rathaus - Bochum Langendreer
51.561768,7.059649,Gelsenkirchen Buer Rathaus - Bochum Langendreer
51.561595,7.059653,Gelsenkirchen Buer Rathaus - Bochum Langendreer
51.561418,7.059649,Gelsenkirchen Buer Rathaus - Bochum Langendreer
51.561245,7.059639,Gelsenkirchen Buer Rathaus - Bochum Langendreer
51.561077,7.059627,Gelsenkirchen Buer Rathaus - Bochum Langendreer
51.560905,7.059615,Gelsenkirchen Buer Rathaus - Bochum Langendreer
51.560731,7.059604,Gelsenkirchen Buer Rathaus - Bochum Langendreer
51.560560,7.059589,Gelsenkirchen Buer Rathaus - Bochum Langendreer
51.560386,7.059572,Gelsenkirchen Buer Rathaus - Bochum Langendreer
51.560213,7.059565,Gelsenkirchen Buer Rathaus - Bochum Langendreer
51.560040,7.059564,Gelsenkirchen Buer Rathaus - Bochum Langendreer
51.559864,7.059572,Gelsenkirchen Buer Rathaus - Bochum Langendreer
51.559693,7.059592,Gelsenkirchen Buer Rathaus - Bochum Langendreer
51.559520,7.059612,Gelsenkirchen Buer Rathaus - Bochum Langendreer
51.559347,7.059650,Gelsenkirchen Buer Rathaus - Bochum Langendreer
51.559180,7.059695,Gelsenkirchen Buer Rathaus - Bochum Langendreer
51.559010,7.059755,Gelsenkirchen Buer Rathaus - Bochum Langendreer
51.558842,7.059832,Gelsenkirchen Buer Rathaus - Bochum Langendreer
51.558684,7.059942,Gelsenkirchen Buer Rathaus - Bochum Langendreer
51.558512,7.060031,Gelsenkirchen Buer Rathaus - Bochum Langendreer
51.558352,7.060137,Gelsenkirchen Buer Rathaus - Bochum Langendreer
51.558193,7.060214,Gelsenkirchen Buer Rathaus - Bochum Langendreer
51.558031,7.060332,Gelsenkirchen Buer Rathaus - Bochum Langendreer
51.557879,7.060464,Gelsenkirchen Buer Rathaus - Bochum Langendreer
51.557729,7.060578,Gelsenkirchen Buer Rathaus - Bochum Langendreer
51.557571,7.060707,Gelsenkirchen Buer Rathaus - Bochum Langendreer
51.557427,7.060829,Gelsenkirchen Buer Rathaus - Bochum Langendreer
51.557275,7.060943,Gelsenkirchen Buer Rathaus - Bochum Langendreer
51.557123,7.061047,Gelsenkirchen Buer Rathaus - Bochum Langendreer
51.556970,7.061146,Gelsenkirchen Buer Rathaus - Bochum Langendreer
51.556820,7.061240,Gelsenkirchen Buer Rathaus - Bochum Langendreer
51.556673,7.061326,Gelsenkirchen Buer Rathaus - Bochum Langendreer
51.556525,7.061399,Gelsenkirchen Buer Rathaus - Bochum Langendreer
51.556383,7.061481,Gelsenkirchen Buer Rathaus - Bochum Langendreer
51.556244,7.061549,Gelsenkirchen Buer Rathaus - Bochum Langendreer
51.556113,7.061614,Gelsenkirchen Buer Rathaus - Bochum Langendreer
51.555995,7.061681,Gelsenkirchen Buer Rathaus - Bochum Langendreer
51.555881,7.061745,Gelsenkirchen Buer Rathaus - Bochum Langendreer
51.555776,7.061805,"VELTINS-Arena, Steig 2"
51.555689,7.061853,"VELTINS-Arena, Steig 2"
51.555537,7.061937,"VELTINS-Arena, Steig 2"
51.555442,7.061985,"VELTINS-Arena, Steig 2"
51.555359,7.062049,"VELTINS-Arena, Steig 2"
51.555262,7.062098,Gelsenkirchen Buer Rathaus - Bochum Langendreer
51.555152,7.062158,Gelsenkirchen Buer Rathaus - Bochum Langendreer
51.555006,7.062239,Gelsenkirchen Buer Rathaus - Bochum Langendreer
51.554828,7.062338,Gelsenkirchen Buer Rathaus - Bochum Langendreer
51.554728,7.062384,Gelsenkirchen Buer Rathaus - Bochum Langendreer
51.554618,7.062436,Gelsenkirchen Buer Rathaus - Bochum Langendreer
51.554486,7.062495,Gelsenkirchen Buer Rathaus - Bochum Langendreer
51.554366,7.062589,Gelsenkirchen Buer Rathaus - Bochum Langendreer
51.554239,7.062651,Gelsenkirchen Buer Rathaus - Bochum Langendreer
51.554103,7.062728,Gelsenkirchen Buer Rathaus - Bochum Langendreer
51.553954,7.062783,Gelsenkirchen Buer Rathaus - Bochum Langendreer
51.553799,7.062847,Gelsenkirchen Buer Rathaus - Bochum Langendreer
51.553645,7.062924,Gelsenkirchen Buer Rathaus - Bochum Langendreer
51.553485,7.063003,Gelsenkirchen Buer Rathaus - Bochum Langendreer
51.553322,7.063091,Gelsenkirchen Buer Rathaus - Bochum Langendreer
51.553156,7.063188,Gelsenkirchen Buer Rathaus - Bochum Langendreer
51.552998,7.063281,Gelsenkirchen Buer Rathaus - Bochum Langendreer
51.552837,7.063382,Gelsenkirchen Buer Rathaus - Bochum Langendreer
51.552680,7.063480,Gelsenkirchen Buer Rathaus - Bochum Langendreer
51.552521,7.063588,Gelsenkirchen Buer Rathaus - Bochum Langendreer
51.552363,7.063695,Gelsenkirchen Buer Rathaus - Bochum Langendreer
51.552194,7.063811,Gelsenkirchen Buer Rathaus - Bochum Langendreer
51.552036,7.063924,Gelsenkirchen Buer Rathaus - Bochum Langendreer
51.551878,7.064044,Gelsenkirchen Buer Rathaus - Bochum Langendreer
51.551716,7.064160,Gelsenkirchen Buer Rathaus - Bochum Langendreer
51.551557,7.064275,Gelsenkirchen Buer Rathaus - Bochum Langendreer
51.551393,7.064383,Gelsenkirchen Buer Rathaus - Bochum Langendreer
51.551236,7.064477,Gelsenkirchen Buer Rathaus - Bochum Langendreer
51.551071,7.064569,Gelsenkirchen Buer Rathaus - Bochum Langendreer
51.550911,7.064677,Gelsenkirchen Buer Rathaus - Bochum Langendreer
51.550732,7.064773,Bochum Langendreer - Gelsenkirchen Buer Rathaus
51.550551,7.064866,Gelsenkirchen Buer Rathaus - Bochum Langendreer
51.550376,7.064966,Bochum Langendreer - Gelsenkirchen Buer Rathaus
51.550197,7.065063,Gelsenkirchen Buer Rathaus - Bochum Langendreer
51.550027,7.065154,Bochum Langendreer - Gelsenkirchen Buer Rathaus
51.549844,7.065250,Gelsenkirchen Buer Rathaus - Bochum Langendreer
51.549669,7.065330,Bochum Langendreer - Gelsenkirchen Buer Rathaus
51.549492,7.065415,Gelsenkirchen Buer Rathaus - Bochum Langendreer
51.549314,7.065499,Bochum Langendreer - Gelsenkirchen Buer Rathaus
51.549152,7.065581,Gelsenkirchen Buer Rathaus - Bochum Langendreer
51.549000,7.065659,Bochum Langendreer - Gelsenkirchen Buer Rathaus
51.548851,7.065732,Gelsenkirchen Buer Rathaus - Bochum Langendreer
51.548704,7.065812,Bochum Langendreer - Gelsenkirchen Buer Rathaus
51.548569,7.065885,Gelsenkirchen Buer Rathaus - Bochum Langendreer
51.548438,7.065951,Bochum Langendreer - Gelsenkirchen Buer Rathaus
51.548315,7.066014,Gelsenkirchen Buer Rathaus - Bochum Langendreer
51.548197,7.066071,Bochum Langendreer - Gelsenkirchen Buer Rathaus
51.548093,7.066125,Gelsenkirchen Buer Rathaus - Bochum Langendreer
51.547996,7.066175,Bochum Langendreer - Gelsenkirchen Buer Rathaus
51.547832,7.066255,Gelsenkirchen Buer Rathaus - Bochum Langendreer
51.547693,7.066316,Bochum Langendreer - Gelsenkirchen Buer Rathaus
51.547585,7.066358,Gelsenkirchen Buer Rathaus - Bochum Langendreer
51.547461,7.066381,Gelsenkirchen Buer Rathaus - Bochum Langendreer
51.547353,7.066444,Gelsenkirchen Buer Rathaus - Bochum Langendreer
51.547202,7.066502,Gelsenkirchen Buer Rathaus - Bochum Langendreer
51.547112,7.066530,Gelsenkirchen Buer Rathaus - Bochum Langendreer
51.547015,7.066568,Gelsenkirchen Buer Rathaus - Bochum Langendreer
51.546910,7.066599,Gelsenkirchen Buer Rathaus - Bochum Langendreer
51.546799,7.066618,Gelsenkirchen Buer Rathaus - Bochum Langendreer
51.546686,7.066654,Gelsenkirchen Buer Rathaus - Bochum Langendreer
51.546571,7.066743,Gelsenkirchen Buer Rathaus - Bochum Langendreer
51.546449,7.066792,Gelsenkirchen Buer Rathaus - Bochum Langendreer
51.546307,7.066827,Gelsenkirchen Buer Rathaus - Bochum Langendreer
51.546173,7.066880,Gelsenkirchen Buer Rathaus - Bochum Langendreer
51.546041,7.066937,Gelsenkirchen Buer Rathaus - Bochum Langendreer
51.545896,7.066999,Gelsenkirchen Buer Rathaus - Bochum Langendreer
51.545745,7.067060,Gelsenkirchen Buer Rathaus - Bochum Langendreer
51.545591,7.067118,Gelsenkirchen Buer Rathaus - Bochum Langendreer
51.545433,7.067181,Gelsenkirchen Buer Rathaus - Bochum Langendreer
51.545274,7.067262,Gelsenkirchen Buer Rathaus - Bochum Langendreer
51.545108,7.067322,Gelsenkirchen Buer Rathaus - Bochum Langendreer
51.544939,7.067385,Gelsenkirchen Buer Rathaus - Bochum Langendreer
51.544771,7.067456,Gelsenkirchen Buer Rathaus - Bochum Langendreer
51.544604,7.067526,Gelsenkirchen Buer Rathaus - Bochum Langendreer
51.544432,7.067594,Gelsenkirchen Buer Rathaus - Bochum Langendreer
51.544260,7.067660,Gelsenkirchen Buer Rathaus - Bochum Langendreer
51.544092,7.067730,Gelsenkirchen Buer Rathaus - Bochum Langendreer
51.543921,7.067798,Gelsenkirchen Buer Rathaus - Bochum Langendreer
51.543750,7.067869,Gelsenkirchen Buer Rathaus - Bochum Langendreer
51.543587,7.067936,Gelsenkirchen Buer Rathaus - Bochum Langendreer
51.543420,7.068001,Gelsenkirchen Buer Rathaus - Bochum Langendreer
51.543254,7.068070,Gelsenkirchen Buer Rathaus - Bochum Langendreer
51.543093,7.068144,Gelsenkirchen Buer Rathaus - Bochum Langendreer
51.542940,7.068221,Gelsenkirchen Buer Rathaus - Bochum Langendreer
51.542793,7.068289,Gelsenkirchen Buer Rathaus - Bochum Langendreer
51.542649,7.068349,Gelsenkirchen Buer Rathaus - Bochum Langendreer
51.542521,7.068410,Gelsenkirchen Buer Rathaus - Bochum Langendreer
51.542401,7.068462,Gelsenkirchen Buer Rathaus - Bochum Langendreer
51.542293,7.068502,Gelsenkirchen Buer Rathaus - Bochum Langendreer
51.542198,7.068538,Gelsenkirchen Buer Rathaus - Bochum Langendreer
51.542045,7.068604,Gelsenkirchen Buer Rathaus - Bochum Langendreer
51.541940,7.068691,Gelsenkirchen Buer Rathaus - Bochum Langendreer
51.541849,7.068669,Emscherstraße
51.541715,7.068729,Gelsenkirchen Buer Rathaus - Bochum Langendreer
51.541603,7.068762,Gelsenkirchen Buer Rathaus - Bochum Langendreer
51.541453,7.068812,Gelsenkirchen Buer Rathaus - Bochum Langendreer
51.541289,7.068842,Gelsenkirchen Buer Rathaus - Bochum Langendreer
51.541200,7.068865,Gelsenkirchen Buer Rathaus - Bochum Langendreer
51.541023,7.068945,Gelsenkirchen Buer Rathaus - Bochum Langendreer
51.540923,7.068981,Gelsenkirchen Buer Rathaus - Bochum Langendreer
51.540815,7.069035,Gelsenkirchen Buer Rathaus - Bochum Langendreer
51.540714,7.069080,Gelsenkirchen Buer Rathaus - Bochum Langendreer
51.540610,7.069133,Gelsenkirchen Buer Rathaus - Bochum Langendreer
51.540510,7.069176,Gelsenkirchen Buer Rathaus - Bochum Langendreer
51.540393,7.069211,Gelsenkirchen Buer Rathaus - Bochum Langendreer
51.540281,7.069274,Gelsenkirchen Buer Rathaus - Bochum Langendreer
51.540154,7.069340,Bochum Langendreer - Gelsenkirchen Buer Rathaus
51.540030,7.069378,Gelsenkirchen Buer Rathaus - Bochum Langendreer
51.539907,7.069428,Gelsenkirchen Buer Rathaus - Bochum Langendreer
51.539787,7.069469,Gelsenkirchen Buer Rathaus - Bochum Langendreer
51.539673,7.069524,Gelsenkirchen Buer Rathaus - Bochum Langendreer
51.539558,7.069578,Dortmund - Dorsten
51.539445,7.069634,Gelsenkirchen Buer Rathaus - Bochum Langendreer
51.539318,7.069691,Gelsenkirchen Buer Rathaus - Bochum Langendreer
51.539184,7.069751,Bochum Langendreer - Gelsenkirchen Buer Rathaus
51.539052,7.069812,Gelsenkirchen Buer Rathaus - Bochum Langendreer
51.538912,7.069884,Bochum Langendreer - Gelsenkirchen Buer Rathaus
51.538772,7.069953,Gelsenkirchen Buer Rathaus - Bochum Langendreer
51.538634,7.070023,Gelsenkirchen Buer Rathaus - Bochum Langendreer
51.538489,7.070120,Gelsenkirchen Buer Rathaus - Bochum Langendreer
51.538343,7.070215,Gelsenkirchen Buer Rathaus - Bochum Langendreer
51.538207,7.070313,Gelsenkirchen Buer Rathaus - Bochum Langendreer
51.538070,7.070423,Gelsenkirchen Buer Rathaus - Bochum Langendreer
51.537966,7.070514,Gelsenkirchen Buer Rathaus - Bochum Langendreer
51.537842,7.070619,Bochum Langendreer - Gelsenkirchen Buer Rathaus
51.537735,7.070714,Gelsenkirchen Buer Rathaus - Bochum Langendreer
51.537631,7.070812,Gelsenkirchen Buer Rathaus - Bochum Langendreer
51.537535,7.070921,Gelsenkirchen Buer Rathaus - Bochum Langendreer
51.537445,7.071019,Gelsenkirchen Buer Rathaus - Bochum Langendreer
51.537347,7.071131,Gelsenkirchen Buer Rathaus - Bochum Langendreer
51.537252,7.071255,Gelsenkirchen Buer Rathaus - Bochum Langendreer
51.537154,7.071377,Gelsenkirchen Buer Rathaus - Bochum Langendreer
51.537052,7.071491,Gelsenkirchen Buer Rathaus - Bochum Langendreer
51.536954,7.071630,Gelsenkirchen Buer Rathaus - Bochum Langendreer
51.536857,7.071770,Gelsenkirchen Buer Rathaus - Bochum Langendreer
51.536768,7.071893,Gelsenkirchen Buer Rathaus - Bochum Langendreer
51.536687,7.072006,Gelsenkirchen Buer Rathaus - Bochum Langendreer
51.536612,7.072106,Gelsenkirchen Buer Rathaus - Bochum Langendreer
51.536540,7.072194,Gelsenkirchen Buer Rathaus - Bochum Langendreer
51.536411,7.072358,Gelsenkirchen Buer Rathaus - Bochum Langendreer
51.536301,7.072512,Gelsenkirchen Buer Rathaus - Bochum Langendreer
51.536229,7.072619,Gelsenkirchen Buer Rathaus - Bochum Langendreer
51.536105,7.072826,Gelsenkirchen Buer Rathaus - Bochum Langendreer
51.536025,7.072952,Gelsenkirchen Buer Rathaus - Bochum Langendreer
51.535908,7.073102,Gelsenkirchen Buer Rathaus - Bochum Langendreer
51.535782,7.073304,Gelsenkirchen Buer Rathaus - Bochum Langendreer
51.535708,7.073422,Gelsenkirchen Buer Rathaus - Bochum Langendreer
51.535623,7.073549,Gelsenkirchen Buer Rathaus - Bochum Langendreer
51.535544,7.073676,Gelsenkirchen Buer Rathaus - Bochum Langendreer
51.535452,7.073812,Gelsenkirchen Buer Rathaus - Bochum Langendreer
51.535363,7.073953,Gelsenkirchen Buer Rathaus - Bochum Langendreer
51.535269,7.074107,Gelsenkirchen Buer Rathaus - Bochum Langendreer
51.535156,7.074251,Gelsenkirchen Buer Rathaus - Bochum Langendreer
51.535050,7.074419,Gelsenkirchen Buer Rathaus - Bochum Langendreer
51.534961,7.074594,Gelsenkirchen Buer Rathaus - Bochum Langendreer
51.534848,7.074755,Gelsenkirchen Buer Rathaus - Bochum Langendreer
51.534745,7.074926,Gelsenkirchen Buer Rathaus - Bochum Langendreer
51.534636,7.075094,Gelsenkirchen Buer Rathaus - Bochum Langendreer
51.534525,7.075278,Gelsenkirchen Buer Rathaus - Bochum Langendreer
51.534407,7.075465,Gelsenkirchen Buer Rathaus - Bochum Langendreer
51.534288,7.075654,Gelsenkirchen Buer Rathaus - Bochum Langendreer
51.534179,7.075854,Gelsenkirchen Buer Rathaus - Bochum Langendreer
51.534068,7.076053,Gelsenkirchen Buer Rathaus - Bochum Langendreer
51.533967,7.076264,Gelsenkirchen Buer Rathaus - Bochum Langendreer
51.533855,7.076464,Gelsenkirchen Buer Rathaus - Bochum Langendreer
51.533744,7.076656,Gelsenkirchen Buer Rathaus - Bochum Langendreer
51.533645,7.076835,Gelsenkirchen Buer Rathaus - Bochum Langendreer
51.533550,7.077010,Gelsenkirchen Buer Rathaus - Bochum Langendreer
51.533468,7.077187,Gelsenkirchen Buer Rathaus - Bochum Langendreer
51.533376,7.077350,Gelsenkirchen Buer Rathaus - Bochum Langendreer
51.533311,7.077527,Gelsenkirchen Buer Rathaus - Bochum Langendreer
51.533223,7.077694,Gelsenkirchen Buer Rathaus - Bochum Langendreer
51.533132,7.077848,Gelsenkirchen Buer Rathaus - Bochum Langendreer
51.533050,7.078007,Gelsenkirchen Buer Rathaus - Bochum Langendreer
51.532967,7.078169,Gelsenkirchen Buer Rathaus - Bochum Langendreer
51.532880,7.078322,Gelsenkirchen Buer Rathaus - Bochum Langendreer
51.532794,7.078472,Gelsenkirchen Buer Rathaus - Bochum Langendreer
51.532710,7.078645,Gelsenkirchen Buer Rathaus - Bochum Langendreer
51.532634,7.078810,Gelsenkirchen Buer Rathaus - Bochum Langendreer
51.532557,7.078952,Gelsenkirchen Buer Rathaus - Bochum Langendreer
51.532475,7.079084,Bochum Langendreer - Gelsenkirchen Buer Rathaus
51.532397,7.079174,Gelsenkirchen Buer Rathaus - Bochum Langendreer
51.532326,7.079272,Gelsenkirchen Buer Rathaus - Bochum Langendreer
51.532258,7.079388,Gelsenkirchen Buer Rathaus - Bochum Langendreer
51.532132,7.079541,Gelsenkirchen Buer Rathaus - Bochum Langendreer
51.532045,7.079674,Gelsenkirchen Buer Rathaus - Bochum Langendreer
51.531951,7.079798,Bochum Langendreer - Gelsenkirchen Buer Rathaus
51.531848,7.079932,Gelsenkirchen Buer Rathaus - Bochum Langendreer
51.531733,7.080043,Bochum Langendreer - Gelsenkirchen Buer Rathaus
51.531620,7.080172,Gelsenkirchen Buer Rathaus - Bochum Langendreer
51.531531,7.080277,Gelsenkirchen Buer Rathaus - Bochum Langendreer
51.531435,7.080360,Gelsenkirchen Buer Rathaus - Bochum Langendreer
51.531241,7.080613,Gelsenkirchen Buer Rathaus - Bochum Langendreer
51.531168,7.080699,Gelsenkirchen Buer Rathaus - Bochum Langendreer
51.531071,7.080802,Gelsenkirchen Buer Rathaus - Bochum Langendreer
51.530992,7.080901,Gelsenkirchen Buer Rathaus - Bochum Langendreer
51.530913,7.080999,Gelsenkirchen Buer Rathaus - Bochum Langendreer
51.530830,7.081111,Gelsenkirchen Buer Rathaus - Bochum Langendreer
51.530743,7.081211,Gelsenkirchen Buer Rathaus - Bochum Langendreer
51.530638,7.081336,Gelsenkirchen Buer Rathaus - Bochum Langendreer
51.530536,7.081446,Gelsenkirchen Buer Rathaus - Bochum Langendreer
51.530428,7.081566,Gelsenkirchen Buer Rathaus - Bochum Langendreer
51.530326,7.081694,Gelsenkirchen Buer Rathaus - Bochum Langendreer
51.530220,7.081824,Gelsenkirchen Buer Rathaus - Bochum Langendreer
51.530118,7.081978,Gelsenkirchen Buer Rathaus - Bochum Langendreer
51.530006,7.082124,Gelsenkirchen Buer Rathaus - Bochum Langendreer
51.529893,7.082225,Gelsenkirchen Buer Rathaus - Gelsenkirchen Hauptbahnhof/ZOB
51.529801,7.082329,Gelsenkirchen Buer Rathaus - Gelsenkirchen Hauptbahnhof/ZOB
51.529705,7.082440,Gelsenkirchen Buer Rathaus - Gelsenkirchen Hauptbahnhof/ZOB
51.529622,7.082537,Gelsenkirchen Buer Rathaus - Gelsenkirchen Hauptbahnhof/ZOB
51.529547,7.082618,Gelsenkirchen Buer Rathaus - Gelsenkirchen Hauptbahnhof/ZOB
51.529435,7.082800,Gelsenkirchen Buer Rathaus - Gelsenkirchen Hauptbahnhof/ZOB
51.529341,7.082943,Gelsenkirchen Buer Rathaus - Bochum Langendreer
51.529273,7.083049,Gelsenkirchen Buer Rathaus - Bochum Langendreer
51.529176,7.083140,Gelsenkirchen Buer Rathaus - Bochum Langendreer
51.529072,7.083227,Gelsenkirchen Buer Rathaus - Gelsenkirchen Hauptbahnhof/ZOB
51.528906,7.083301,Gelsenkirchen Buer Rathaus - Gelsenkirchen Hauptbahnhof/ZOB
51.528830,7.083417,Gelsenkirchen Buer Rathaus - Gelsenkirchen Hauptbahnhof/ZOB
51.528744,7.083607,Gelsenkirchen Buer Rathaus - Gelsenkirchen Hauptbahnhof/ZOB
51.528650,7.083742,Gelsenkirchen Buer Rathaus - Gelsenkirchen Hauptbahnhof/ZOB
51.528570,7.083843,Gelsenkirchen Buer Rathaus - Gelsenkirchen Hauptbahnhof/ZOB
51.528489,7.083909,Gelsenkirchen Buer Rathaus - Gelsenkirchen Hauptbahnhof/ZOB
51.528416,7.084126,Schalker Meile
51.528315,7.084249,Gelsenkirchen Buer Rathaus - Bochum Langendreer
51.528180,7.084411,Gelsenkirchen Buer Rathaus - Bochum Langendreer
51.528104,7.084509,Gelsenkirchen Buer Rathaus - Bochum Langendreer
51.528026,7.084605,Gelsenkirchen Buer Rathaus - Bochum Langendreer
51.527944,7.084702,Gelsenkirchen Buer Rathaus - Bochum Langendreer
51.527858,7.084810,Gelsenkirchen Buer Rathaus - Bochum Langendreer
51.527750,7.084896,Gelsenkirchen Buer Rathaus - Bochum Langendreer
51.527661,7.085015,Gelsenkirchen Buer Rathaus - Bochum Langendreer
51.527563,7.085127,Gelsenkirchen Buer Rathaus - Bochum Langendreer
51.527463,7.085234,Gelsenkirchen Buer Rathaus - Gelsenkirchen Hauptbahnhof/ZOB
51.527374,7.085339,Gelsenkirchen Buer Rathaus - Gelsenkirchen Hauptbahnhof/ZOB
51.527284,7.085445,Gelsenkirchen Buer Rathaus - Gelsenkirchen Hauptbahnhof/ZOB
51.527203,7.085537,Gelsenkirchen Buer Rathaus - Gelsenkirchen Hauptbahnhof/ZOB
51.527087,7.085738,Gelsenkirchen Buer Rathaus - Bochum Langendreer
51.526986,7.085884,Berliner Brücke
51.526902,7.085988,Gelsenkirchen Buer Rathaus - Bochum Langendreer
51.526763,7.086167,Gelsenkirchen Buer Rathaus - Bochum Langendreer
51.526647,7.086313,Gelsenkirchen Buer Rathaus - Bochum Langendreer
51.526511,7.086494,Gelsenkirchen Buer Rathaus - Bochum Langendreer
51.526367,7.086647,Gelsenkirchen Buer Rathaus - Bochum Langendreer
51.526294,7.086734,Gelsenkirchen Buer Rathaus - Bochum Langendreer
51.526212,7.086816,Bochum Langendreer - Gelsenkirchen Buer Rathaus
51.526134,7.086899,Gelsenkirchen Buer Rathaus - Bochum Langendreer
51.526045,7.086974,Gelsenkirchen Buer Rathaus - Bochum Langendreer
51.525957,7.087068,Gelsenkirchen Buer Rathaus - Bochum Langendreer
51.525867,7.087146,Bochum Langendreer - Gelsenkirchen Buer Rathaus
51.525773,7.087226,Gelsenkirchen Buer Rathaus - Bochum Langendreer
51.525682,7.087304,Gelsenkirchen Buer Rathaus - Bochum Langendreer
51.525581,7.087382,Gelsenkirchen Buer Rathaus - Bochum Langendreer
51.525478,7.087462,Gelsenkirchen Buer Rathaus - Bochum Langendreer
51.525375,7.087540,Gelsenkirchen Buer Rathaus - Bochum Langendreer
51.525266,7.087618,Gelsenkirchen Buer Rathaus - Bochum Langendreer
51.525155,7.087696,Gelsenkirchen Buer Rathaus - Bochum Langendreer
51.525038,7.087770,Gelsenkirchen Buer Rathaus - Bochum Langendreer
51.524917,7.087844,Gelsenkirchen Buer Rathaus - Bochum Langendreer
51.524795,7.087922,Gelsenkirchen Buer Rathaus - Bochum Langendreer
51.524670,7.088002,Gelsenkirchen Buer Rathaus - Bochum Langendreer
51.524534,7.088080,Bochum Langendreer - Gelsenkirchen Buer Rathaus
51.524398,7.088158,Gelsenkirchen Buer Rathaus - Bochum Langendreer
51.524260,7.088241,Gelsenkirchen Buer Rathaus - Bochum Langendreer
51.524129,7.088324,Gelsenkirchen Buer Rathaus - Bochum Langendreer
51.523998,7.088406,Bochum Langendreer - Gelsenkirchen Buer Rathaus
51.523866,7.088475,Gelsenkirchen Buer Rathaus - Bochum Langendreer
51.523742,7.088541,Gelsenkirchen Buer Rathaus - Bochum Langendreer
51.523622,7.088615,Gelsenkirchen Buer Rathaus - Bochum Langendreer
51.523499,7.088698,Gelsenkirchen Buer Rathaus - Bochum Langendreer
51.523375,7.088769,Gelsenkirchen Buer Rathaus - Bochum Langendreer
51.523255,7.088832,Gelsenkirchen Buer Rathaus - Bochum Langendreer
51.523154,7.088907,Gelsenkirchen Buer Rathaus - Bochum Langendreer
51.523042,7.088970,Gelsenkirchen Buer Rathaus - Bochum Langendreer
51.522916,7.089047,Gelsenkirchen Buer Rathaus - Bochum Langendreer
51.522801,7.089114,Gelsenkirchen Buer Rathaus - Bochum Langendreer
51.522682,7.089187,Gelsenkirchen Buer Rathaus - Bochum Langendreer
51.522562,7.089260,Gelsenkirchen Buer Rathaus - Bochum Langendreer
51.522445,7.089328,Gelsenkirchen Buer Rathaus - Bochum Langendreer
51.522328,7.089398,Gelsenkirchen Buer Rathaus - Bochum Langendreer
51.522211,7.089464,Gelsenkirchen Buer Rathaus - Bochum Langendreer
51.522095,7.089535,Gelsenkirchen Buer Rathaus - Bochum Langendreer
51.521982,7.089603,Gelsenkirchen Buer Rathaus - Bochum Langendreer
51.521871,7.089673,Gelsenkirchen Buer Rathaus - Bochum Langendreer
51.521762,7.089740,Gelsenkirchen Buer Rathaus - Bochum Langendreer
51.521657,7.089808,Gelsenkirchen Buer Rathaus - Bochum Langendreer
51.521549,7.089872,Gelsenkirchen Buer Rathaus - Bochum Langendreer
51.521447,7.089935,Gelsenkirchen Buer Rathaus - Bochum Langendreer
51.521349,7.089990,Gelsenkirchen Buer Rathaus - Bochum Langendreer
51.521256,7.090042,Gelsenkirchen Buer Rathaus - Bochum Langendreer
51.521168,7.090091,Gelsenkirchen Buer Rathaus - Bochum Langendreer
51.521012,7.090177,Grillostraße
51.520901,7.090248,Gelsenkirchen Buer Rathaus - Bochum Langendreer
51.520813,7.090297,Gelsenkirchen Buer Rathaus - Bochum Langendreer
51.520689,7.090301,Grillostraße
51.520564,7.090349,Gelsenkirchen Buer Rathaus - Gelsenkirchen Hauptbahnhof/ZOB
51.520447,7.090458,Gelsenkirchen Terneddenstraße - Herne Wanne-Eickel Hauptbahnhof
51.520273,7.090550,Gelsenkirchen Buer Rathaus - Bochum Langendreer
51.520182,7.090590,Gelsenkirchen Buer Rathaus - Bochum Langendreer
51.520089,7.090653,Gelsenkirchen Buer Rathaus - Bochum Langendreer
51.519997,7.090709,Gelsenkirchen Buer Rathaus - Bochum Langendreer
51.519910,7.090760,Gelsenkirchen Buer Rathaus - Bochum Langendreer
51.519796,7.090833,Gelsenkirchen Buer Rathaus - Bochum Langendreer
51.519676,7.090911,Bochum Langendreer - Gelsenkirchen Buer Rathaus
51.519562,7.090978,Gelsenkirchen Buer Rathaus - Bochum Langendreer
51.519447,7.091034,Gelsenkirchen Buer Rathaus - Bochum Langendreer
51.519336,7.091102,Gelsenkirchen Buer Rathaus - Bochum Langendreer
51.519222,7.091161,Gelsenkirchen Buer Rathaus - Bochum Langendreer
51.519084,7.091239,Gelsenkirchen Buer Rathaus - Bochum Langendreer
51.518945,7.091321,Gelsenkirchen Buer Rathaus - Bochum Langendreer
51.518818,7.091394,Gelsenkirchen Buer Rathaus - Bochum Langendreer
51.518693,7.091478,Gelsenkirchen Buer Rathaus - Bochum Langendreer
51.518575,7.091549,Gelsenkirchen Buer Rathaus - Bochum Langendreer
51.518462,7.091617,Gelsenkirchen Buer Rathaus - Bochum Langendreer
51.518360,7.091687,Gelsenkirchen Buer Rathaus - Bochum Langendreer
51.518272,7.091731,Gelsenkirchen Buer Rathaus - Bochum Langendreer
51.518183,7.091794,Gelsenkirchen Buer Rathaus - Bochum Langendreer
51.518054,7.091865,Gelsenkirchen Buer Rathaus - Bochum Langendreer
51.517940,7.091899,Grenzstraße
51.517823,7.091926,Gelsenkirchen Buer Rathaus - Gelsenkirchen Hauptbahnhof/ZOB
51.517725,7.092005,Gelsenkirchen Buer Rathaus - Gelsenkirchen Hauptbahnhof/ZOB
51.517583,7.092108,Gelsenkirchen Buer Rathaus - Bochum Langendreer
51.517415,7.092199,Gelsenkirchen Buer Rathaus - Gelsenkirchen Hauptbahnhof/ZOB
51.517324,7.092255,Gelsenkirchen Buer Rathaus - Gelsenkirchen Hauptbahnhof/ZOB
51.517231,7.092321,Gelsenkirchen Buer Rathaus - Bochum Langendreer
51.517133,7.092381,Gelsenkirchen Buer Rathaus - Bochum Langendreer
51.517028,7.092446,Gelsenkirchen Buer Rathaus - Gelsenkirchen Hauptbahnhof/ZOB
51.516921,7.092514,Gelsenkirchen Buer Rathaus - Bochum Langendreer
51.516811,7.092581,Gelsenkirchen Essener Straße - Gelsenkirchen Hauptbahnhof
51.516698,7.092652,Gelsenkirchen Buer Rathaus - Gelsenkirchen Hauptbahnhof/ZOB
51.516587,7.092739,Gelsenkirchen Buer Rathaus - Bochum Langendreer
51.516473,7.092794,Gelsenkirchen Buer Rathaus - Gelsenkirchen Hauptbahnhof/ZOB
51.516356,7.092860,Gelsenkirchen Buer Rathaus - Gelsenkirchen Hauptbahnhof/ZOB
51.516233,7.092928,Gelsenkirchen Buer Rathaus - Gelsenkirchen Hauptbahnhof/ZOB
51.516106,7.093006,Gelsenkirchen Buer Rathaus - Gelsenkirchen Hauptbahnhof/ZOB
51.515980,7.093103,Gelsenkirchen Buer Rathaus - Bochum Langendreer
51.515851,7.093166,Gelsenkirchen Buer Rathaus - Gelsenkirchen Hauptbahnhof/ZOB
51.515731,7.093243,Gelsenkirchen Buer Rathaus - Bochum Langendreer
51.515617,7.093318,Gelsenkirchen Buer Rathaus - Bochum Langendreer
51.515507,7.093386,Gelsenkirchen Buer Rathaus - Bochum Langendreer
51.515404,7.093430,Gelsenkirchen Buer Rathaus - Bochum Langendreer
51.515312,7.093486,Gelsenkirchen Buer Rathaus - Bochum Langendreer
51.515203,7.093549,Gelsenkirchen Buer Rathaus - Bochum Langendreer
51.515105,7.093632,Gelsenkirchen Buer Rathaus - Bochum Langendreer
51.515017,7.093693,Gelsenkirchen Buer Rathaus - Bochum Langendreer
51.514855,7.093789,Gelsenkirchen Buer Rathaus - Bochum Langendreer
51.514720,7.093885,Kennedy-Platz
51.514616,7.093969,Gelsenkirchen Buer Rathaus - Bochum Langendreer
51.514508,7.094044,Gelsenkirchen Buer Rathaus - Bochum Langendreer
51.514396,7.094069,Kennedy-Platz
51.514294,7.094151,Gelsenkirchen Buer Rathaus - Bochum Langendreer
51.514199,7.094208,Gelsenkirchen Buer Rathaus - Bochum Langendreer
51.514103,7.094183,Gelsenkirchen Buer Rathaus - Bochum Langendreer
51.514017,7.094110,Herne Drosselweg - Gelsenkirchen Landschede
51.513944,7.093981,Herne Drosselweg - Gelsenkirchen Landschede
51.513901,7.093805,Herne Drosselweg - Gelsenkirchen Landschede
51.513856,7.093599,Herne Drosselweg - Gelsenkirchen Landschede
51.513810,7.093411,Herne Drosselweg - Gelsenkirchen Landschede
51.513748,7.093218,Gelsenkirchen Buer Rathaus - Bochum Langendreer
51.513711,7.093010,Herne Drosselweg - Gelsenkirchen Landschede
51.513666,7.092854,Gelsenkirchen Buer Rathaus - Bochum Langendreer
51.513619,7.092694,Gelsenkirchen Buer Rathaus - Bochum Langendreer
51.513659,7.092553,Herne Drosselweg - Gelsenkirchen Landschede
51.513563,7.092461,Gelsenkirchen Buer Rathaus - Bochum Langendreer
51.513493,7.092314,Gelsenkirchen Buer Rathaus - Bochum Langendreer
51.513435,7.092163,Gelsenkirchen Buer Rathaus - Bochum Langendreer
51.513368,7.092033,Gelsenkirchen Buer Rathaus - Bochum Langendreer
51.513273,7.091948,Gelsenkirchen Buer Rathaus - Bochum Langendreer
51.513167,7.091925,Gelsenkirchen Buer Rathaus - Bochum Langendreer
51.513073,7.091942,Essen Bredeney - Gelsenkirchen Gelsenkirchen Hauptbahnhof
51.512960,7.092006,Musiktheater
51.512859,7.092069,Musiktheater
51.512771,7.092126,Musiktheater
51.512685,7.092177,Musiktheater
51.512531,7.092277,Musiktheater
51.512414,7.092356,Essen Bredeney - Gelsenkirchen Gelsenkirchen Hauptbahnhof
51.512264,7.092478,Essen Bredeney - Gelsenkirchen Gelsenkirchen Hauptbahnhof
51.512181,7.092555,Essen Bredeney - Gelsenkirchen Gelsenkirchen Hauptbahnhof
51.512098,7.092619,Essen Bredeney - Gelsenkirchen Gelsenkirchen Hauptbahnhof
51.512001,7.092713,Essen Bredeney - Gelsenkirchen Gelsenkirchen Hauptbahnhof
51.511913,7.092790,Gelsenkirchen Essener Straße - Gelsenkirchen Hauptbahnhof
51.511817,7.092868,Gelsenkirchen Essener Straße - Gelsenkirchen Hauptbahnhof
51.511724,7.092943,Gelsenkirchen Essener Straße - Gelsenkirchen Hauptbahnhof
51.511641,7.093016,Gelsenkirchen Essener Straße - Gelsenkirchen Hauptbahnhof
51.511558,7.093090,Gelsenkirchen Essener Straße - Gelsenkirchen Hauptbahnhof
